{"cameraMode":{"drawMode":0,"name":"Shaded","section":"Shading Mode"},"sceneLighting":false,"audioPlay":false,"sceneViewState":{"m_AlwaysRefresh":false,"showFog":true,"showSkybox":false,"showFlares":true,"showImageEffects":true,"showParticleSystems":true,"showVisualEffectGraphs":true,"m_FxEnabled":true},"in2DMode":false,"pivot":{"x":-7.938014507293701,"y":1.1929032802581788,"z":10.609190940856934},"rotation":{"x":0.002960048383101821,"y":0.16276666522026063,"z":-0.0004902340588159859,"w":0.986624002456665},"size":3.604536533355713,"orthographic":false}