{"cameraMode":{"drawMode":0,"name":"Shaded","section":"Shading Mode"},"sceneLighting":true,"audioPlay":false,"sceneViewState":{"m_AlwaysRefresh":false,"showFog":true,"showSkybox":true,"showFlares":true,"showImageEffects":true,"showParticleSystems":true,"showVisualEffectGraphs":true,"m_FxEnabled":true},"in2DMode":false,"pivot":{"x":3.5913708209991457,"y":2.65663743019104,"z":26.232460021972658},"rotation":{"x":0.004731100983917713,"y":0.9756829142570496,"z":-0.02045196108520031,"w":0.2168971449136734},"size":1.2039486169815064,"orthographic":false}